{
  "direct_precision": 0.11904761904761904,
  "direct_recall": 0.01309896999552172,
  "direct_f1": 0.023395044671640417,
  "indirect_precision": 0.625,
  "indirect_recall": 0.02345473957094015,
  "indirect_f1": 0.044820502001853016,
  "bleu": 1.176339907216816e-56,
  "rouge-1": 0,
  "rouge-2": 0,
  "rouge-l": 0
}