{
  "direct_precision": 0.3306521286605217,
  "direct_recall": 0.3883133276472321,
  "direct_f1": 0.3358479849113399,
  "indirect_precision": 0.6218921731625906,
  "indirect_recall": 0.21807181889149102,
  "indirect_f1": 0.3079903596588802,
  "bleu": 0.0003208936844294363,
  "rouge-1": 0.05675673868581654,
  "rouge-2": 0.004341369191957046,
  "rouge-l": 0.053350008045830254
}