{
  "direct_precision": 0.37502036164175384,
  "direct_recall": 0.36370141756734176,
  "direct_f1": 0.3659327970226797,
  "indirect_precision": 0.5724639467521262,
  "indirect_recall": 0.41523886752912786,
  "indirect_f1": 0.4679547008902882,
  "bleu": 0.0009981616523335411,
  "rouge-1": 0.09143293563230777,
  "rouge-2": 0.004973992913835738,
  "rouge-l": 0.09143293563230777
}