{
  "direct_precision": 0.3583112185694889,
  "direct_recall": 0.6483609146920349,
  "direct_f1": 0.4525341187536111,
  "indirect_precision": 0.5629558573127925,
  "indirect_recall": 0.7210665339161,
  "indirect_f1": 0.6256629749782547,
  "bleu": 1.7199840264985451e-10,
  "rouge-1": 0.007187091847244062,
  "rouge-2": 0.0,
  "rouge-l": 0.006876291536443752
}